end_balance,top_cut_off,down_cut_off,if_short
1491.548583740233,0.0,0.0,True
1376.2118032836893,0.0,0.0,False
1458.0692785644535,0.0,0.2,True
1387.4644411987294,0.0,0.2,False
1659.3000926025397,0.0,0.4,True
1456.7502440795895,0.0,0.4,False
1645.6901320556638,0.0,0.6000000000000001,True
1435.7100238281246,0.0,0.6000000000000001,False
1457.8629512207035,0.0,0.8,True
1345.9524135253905,0.0,0.8,False
1460.8405284423834,0.0,1.0,True
1349.6353015625,0.0,1.0,False
1402.5794887207035,0.0,1.2000000000000002,True
1340.6932811523438,0.0,1.2000000000000002,False
1402.5794887207035,0.0,1.4000000000000001,True
1340.6932811523438,0.0,1.4000000000000001,False
1399.7296066040042,0.0,1.6,True
1330.2307529296875,0.0,1.6,False
1399.7296066040042,0.0,1.8,True
1330.2307529296875,0.0,1.8,False
1399.7296066040042,0.0,2.0,True
1330.2307529296875,0.0,2.0,False
1399.7296066040042,0.0,2.2,True
1330.2307529296875,0.0,2.2,False
1341.7686767456053,0.0,2.4000000000000004,True
1269.9310893920897,0.0,2.4000000000000004,False
1341.7686767456053,0.0,2.6,True
1269.9310893920897,0.0,2.6,False
1341.7686767456053,0.0,2.8000000000000003,True
1269.9310893920897,0.0,2.8000000000000003,False
1341.7686767456053,0.0,3.0,True
1269.9310893920897,0.0,3.0,False
1341.7686767456053,0.0,3.2,True
1269.9310893920897,0.0,3.2,False
1341.7686767456053,0.0,3.4000000000000004,True
1269.9310893920897,0.0,3.4000000000000004,False
1235.6788349121093,0.0,3.6,True
1235.6788349121093,0.0,3.6,False
1235.6788349121093,0.0,3.8000000000000003,True
1235.6788349121093,0.0,3.8000000000000003,False
1508.3440530273422,0.2,0.0,True
1398.6986158813454,0.2,0.0,False
1424.9641855712894,0.2,0.2,True
1328.0038928100576,0.2,0.2,False
1656.0165537841801,0.2,0.4,True
1447.8483638183588,0.2,0.4,False
1642.4065932373042,0.2,0.6000000000000001,True
1432.426485009765,0.2,0.6000000000000001,False
1456.7585658447267,0.2,0.8,True
1342.668874707031,0.2,0.8,False
1460.8405284423834,0.2,1.0,True
1349.6353015625,0.2,1.0,False
1402.5794887207035,0.2,1.2000000000000002,True
1340.6932811523438,0.2,1.2000000000000002,False
1402.5794887207035,0.2,1.4000000000000001,True
1340.6932811523438,0.2,1.4000000000000001,False
1399.7296066040042,0.2,1.6,True
1330.2307529296875,0.2,1.6,False
1399.7296066040042,0.2,1.8,True
1330.2307529296875,0.2,1.8,False
1399.7296066040042,0.2,2.0,True
1330.2307529296875,0.2,2.0,False
1399.7296066040042,0.2,2.2,True
1330.2307529296875,0.2,2.2,False
1341.7686767456053,0.2,2.4000000000000004,True
1269.9310893920897,0.2,2.4000000000000004,False
1341.7686767456053,0.2,2.6,True
1269.9310893920897,0.2,2.6,False
1341.7686767456053,0.2,2.8000000000000003,True
1269.9310893920897,0.2,2.8000000000000003,False
1341.7686767456053,0.2,3.0,True
1269.9310893920897,0.2,3.0,False
1341.7686767456053,0.2,3.2,True
1269.9310893920897,0.2,3.2,False
1341.7686767456053,0.2,3.4000000000000004,True
1269.9310893920897,0.2,3.4000000000000004,False
1235.6788349121093,0.2,3.6,True
1235.6788349121093,0.2,3.6,False
1235.6788349121093,0.2,3.8000000000000003,True
1235.6788349121093,0.2,3.8000000000000003,False
1591.8336617919906,0.4,0.0,True
1459.0807951415993,0.4,0.0,False
1506.5572870727542,0.4,0.2,True
1409.1688174316396,0.4,0.2,False
1721.4917029418948,0.4,0.4,True
1505.2741526977534,0.4,0.4,False
1708.8329886596673,0.4,0.6000000000000001,True
1488.3099460083001,0.4,0.6000000000000001,False
1475.3722934204102,0.4,0.8,True
1375.412168469238,0.4,0.8,False
1487.0855598022465,0.4,1.0,True
1382.378595324707,0.4,1.0,False
1469.200818981934,0.4,1.2000000000000002,True
1373.4365749145509,0.4,1.2000000000000002,False
1469.200818981934,0.4,1.4000000000000001,True
1373.4365749145509,0.4,1.4000000000000001,False
1460.1706676269534,0.4,1.6,True
1361.8113880004883,0.4,1.6,False
1460.1706676269534,0.4,1.8,True
1361.8113880004883,0.4,1.8,False
1460.1706676269534,0.4,2.0,True
1361.8113880004883,0.4,2.0,False
1460.1706676269534,0.4,2.2,True
1361.8113880004883,0.4,2.2,False
1376.4696121093748,0.4,2.4000000000000004,True
1342.2166576293944,0.4,2.4000000000000004,False
1376.4696121093748,0.4,2.6,True
1342.2166576293944,0.4,2.6,False
1376.4696121093748,0.4,2.8000000000000003,True
1342.2166576293944,0.4,2.8000000000000003,False
1376.4696121093748,0.4,3.0,True
1342.2166576293944,0.4,3.0,False
1376.4696121093748,0.4,3.2,True
1342.2166576293944,0.4,3.2,False
1376.4696121093748,0.4,3.4000000000000004,True
1342.2166576293944,0.4,3.4000000000000004,False
1270.3797702758789,0.4,3.6,True
1270.3797702758789,0.4,3.6,False
1270.3797702758789,0.4,3.8000000000000003,True
1270.3797702758789,0.4,3.8000000000000003,False
1591.3942449096664,0.6000000000000001,0.0,True
1474.4449900146462,0.6000000000000001,0.0,False
1506.5572870727542,0.6000000000000001,0.2,True
1409.1688174316396,0.6000000000000001,0.2,False
1721.4917029418948,0.6000000000000001,0.4,True
1505.2741526977534,0.6000000000000001,0.4,False
1708.8329886596673,0.6000000000000001,0.6000000000000001,True
1488.3099460083001,0.6000000000000001,0.6000000000000001,False
1475.3722934204102,0.6000000000000001,0.8,True
1375.412168469238,0.6000000000000001,0.8,False
1487.0855598022465,0.6000000000000001,1.0,True
1382.378595324707,0.6000000000000001,1.0,False
1469.200818981934,0.6000000000000001,1.2000000000000002,True
1373.4365749145509,0.6000000000000001,1.2000000000000002,False
1469.200818981934,0.6000000000000001,1.4000000000000001,True
1373.4365749145509,0.6000000000000001,1.4000000000000001,False
1460.1706676269534,0.6000000000000001,1.6,True
1361.8113880004883,0.6000000000000001,1.6,False
1460.1706676269534,0.6000000000000001,1.8,True
1361.8113880004883,0.6000000000000001,1.8,False
1460.1706676269534,0.6000000000000001,2.0,True
1361.8113880004883,0.6000000000000001,2.0,False
1460.1706676269534,0.6000000000000001,2.2,True
1361.8113880004883,0.6000000000000001,2.2,False
1376.4696121093748,0.6000000000000001,2.4000000000000004,True
1342.2166576293944,0.6000000000000001,2.4000000000000004,False
1376.4696121093748,0.6000000000000001,2.6,True
1342.2166576293944,0.6000000000000001,2.6,False
1376.4696121093748,0.6000000000000001,2.8000000000000003,True
1342.2166576293944,0.6000000000000001,2.8000000000000003,False
1376.4696121093748,0.6000000000000001,3.0,True
1342.2166576293944,0.6000000000000001,3.0,False
1376.4696121093748,0.6000000000000001,3.2,True
1342.2166576293944,0.6000000000000001,3.2,False
1376.4696121093748,0.6000000000000001,3.4000000000000004,True
1342.2166576293944,0.6000000000000001,3.4000000000000004,False
1270.3797702758789,0.6000000000000001,3.6,True
1270.3797702758789,0.6000000000000001,3.6,False
1270.3797702758789,0.6000000000000001,3.8000000000000003,True
1270.3797702758789,0.6000000000000001,3.8000000000000003,False
1577.2067258422837,0.8,0.0,True
1458.484464501951,0.8,0.0,False
1490.2219446655276,0.8,0.2,True
1403.3946646728505,0.8,0.2,False
1721.4917029418948,0.8,0.4,True
1505.2741526977534,0.8,0.4,False
1708.8329886596673,0.8,0.6000000000000001,True
1488.3099460083001,0.8,0.6000000000000001,False
1475.3722934204102,0.8,0.8,True
1375.412168469238,0.8,0.8,False
1487.0855598022465,0.8,1.0,True
1382.378595324707,0.8,1.0,False
1469.200818981934,0.8,1.2000000000000002,True
1373.4365749145509,0.8,1.2000000000000002,False
1469.200818981934,0.8,1.4000000000000001,True
1373.4365749145509,0.8,1.4000000000000001,False
1460.1706676269534,0.8,1.6,True
1361.8113880004883,0.8,1.6,False
1460.1706676269534,0.8,1.8,True
1361.8113880004883,0.8,1.8,False
1460.1706676269534,0.8,2.0,True
1361.8113880004883,0.8,2.0,False
1460.1706676269534,0.8,2.2,True
1361.8113880004883,0.8,2.2,False
1376.4696121093748,0.8,2.4000000000000004,True
1342.2166576293944,0.8,2.4000000000000004,False
1376.4696121093748,0.8,2.6,True
1342.2166576293944,0.8,2.6,False
1376.4696121093748,0.8,2.8000000000000003,True
1342.2166576293944,0.8,2.8000000000000003,False
1376.4696121093748,0.8,3.0,True
1342.2166576293944,0.8,3.0,False
1376.4696121093748,0.8,3.2,True
1342.2166576293944,0.8,3.2,False
1376.4696121093748,0.8,3.4000000000000004,True
1342.2166576293944,0.8,3.4000000000000004,False
1270.3797702758789,0.8,3.6,True
1270.3797702758789,0.8,3.6,False
1270.3797702758789,0.8,3.8000000000000003,True
1270.3797702758789,0.8,3.8000000000000003,False
1529.5964582153306,1.0,0.0,True
1419.8455237060525,1.0,0.0,False
1458.9984453735353,1.0,0.2,True
1374.638893041991,1.0,0.2,False
1687.9357432495117,1.0,0.4,True
1473.642663903808,1.0,0.4,False
1692.8323172729486,1.0,0.6000000000000001,True
1473.642663903808,1.0,0.6000000000000001,False
1475.3722934204102,1.0,0.8,True
1375.412168469238,1.0,0.8,False
1487.0855598022465,1.0,1.0,True
1382.378595324707,1.0,1.0,False
1469.200818981934,1.0,1.2000000000000002,True
1373.4365749145509,1.0,1.2000000000000002,False
1469.200818981934,1.0,1.4000000000000001,True
1373.4365749145509,1.0,1.4000000000000001,False
1460.1706676269534,1.0,1.6,True
1361.8113880004883,1.0,1.6,False
1460.1706676269534,1.0,1.8,True
1361.8113880004883,1.0,1.8,False
1460.1706676269534,1.0,2.0,True
1361.8113880004883,1.0,2.0,False
1460.1706676269534,1.0,2.2,True
1361.8113880004883,1.0,2.2,False
1376.4696121093748,1.0,2.4000000000000004,True
1342.2166576293944,1.0,2.4000000000000004,False
1376.4696121093748,1.0,2.6,True
1342.2166576293944,1.0,2.6,False
1376.4696121093748,1.0,2.8000000000000003,True
1342.2166576293944,1.0,2.8000000000000003,False
1376.4696121093748,1.0,3.0,True
1342.2166576293944,1.0,3.0,False
1376.4696121093748,1.0,3.2,True
1342.2166576293944,1.0,3.2,False
1376.4696121093748,1.0,3.4000000000000004,True
1342.2166576293944,1.0,3.4000000000000004,False
1270.3797702758789,1.0,3.6,True
1270.3797702758789,1.0,3.6,False
1270.3797702758789,1.0,3.8000000000000003,True
1270.3797702758789,1.0,3.8000000000000003,False
1594.5170209594714,1.2000000000000002,0.0,True
1481.0943335205059,1.2000000000000002,0.0,False
1549.2397020874027,1.2000000000000002,0.2,True
1446.7503432373037,1.2000000000000002,0.2,False
1758.8081187377932,1.2000000000000002,0.4,True
1546.769067712402,1.2000000000000002,0.4,False
1763.70469276123,1.2000000000000002,0.6000000000000001,True
1546.769067712402,1.2000000000000002,0.6000000000000001,False
1511.3831271606448,1.2000000000000002,0.8,True
1408.1492900512694,1.2000000000000002,0.8,False
1487.0855598022465,1.2000000000000002,1.0,True
1382.378595324707,1.2000000000000002,1.0,False
1469.200818981934,1.2000000000000002,1.2000000000000002,True
1373.4365749145509,1.2000000000000002,1.2000000000000002,False
1469.200818981934,1.2000000000000002,1.4000000000000001,True
1373.4365749145509,1.2000000000000002,1.4000000000000001,False
1460.1706676269534,1.2000000000000002,1.6,True
1361.8113880004883,1.2000000000000002,1.6,False
1460.1706676269534,1.2000000000000002,1.8,True
1361.8113880004883,1.2000000000000002,1.8,False
1460.1706676269534,1.2000000000000002,2.0,True
1361.8113880004883,1.2000000000000002,2.0,False
1460.1706676269534,1.2000000000000002,2.2,True
1361.8113880004883,1.2000000000000002,2.2,False
1376.4696121093748,1.2000000000000002,2.4000000000000004,True
1342.2166576293944,1.2000000000000002,2.4000000000000004,False
1376.4696121093748,1.2000000000000002,2.6,True
1342.2166576293944,1.2000000000000002,2.6,False
1376.4696121093748,1.2000000000000002,2.8000000000000003,True
1342.2166576293944,1.2000000000000002,2.8000000000000003,False
1376.4696121093748,1.2000000000000002,3.0,True
1342.2166576293944,1.2000000000000002,3.0,False
1376.4696121093748,1.2000000000000002,3.2,True
1342.2166576293944,1.2000000000000002,3.2,False
1376.4696121093748,1.2000000000000002,3.4000000000000004,True
1342.2166576293944,1.2000000000000002,3.4000000000000004,False
1270.3797702758789,1.2000000000000002,3.6,True
1270.3797702758789,1.2000000000000002,3.6,False
1270.3797702758789,1.2000000000000002,3.8000000000000003,True
1270.3797702758789,1.2000000000000002,3.8000000000000003,False
1653.7037275024402,1.4000000000000001,0.0,True
1547.5050848632793,1.4000000000000001,0.0,False
1575.9366777954106,1.4000000000000001,0.2,True
1464.6159743408193,1.4000000000000001,0.2,False
1758.8081187377932,1.4000000000000001,0.4,True
1546.769067712402,1.4000000000000001,0.4,False
1763.70469276123,1.4000000000000001,0.6000000000000001,True
1546.769067712402,1.4000000000000001,0.6000000000000001,False
1511.3831271606448,1.4000000000000001,0.8,True
1408.1492900512694,1.4000000000000001,0.8,False
1487.0855598022465,1.4000000000000001,1.0,True
1382.378595324707,1.4000000000000001,1.0,False
1469.200818981934,1.4000000000000001,1.2000000000000002,True
1373.4365749145509,1.4000000000000001,1.2000000000000002,False
1469.200818981934,1.4000000000000001,1.4000000000000001,True
1373.4365749145509,1.4000000000000001,1.4000000000000001,False
1460.1706676269534,1.4000000000000001,1.6,True
1361.8113880004883,1.4000000000000001,1.6,False
1460.1706676269534,1.4000000000000001,1.8,True
1361.8113880004883,1.4000000000000001,1.8,False
1460.1706676269534,1.4000000000000001,2.0,True
1361.8113880004883,1.4000000000000001,2.0,False
1460.1706676269534,1.4000000000000001,2.2,True
1361.8113880004883,1.4000000000000001,2.2,False
1376.4696121093748,1.4000000000000001,2.4000000000000004,True
1342.2166576293944,1.4000000000000001,2.4000000000000004,False
1376.4696121093748,1.4000000000000001,2.6,True
1342.2166576293944,1.4000000000000001,2.6,False
1376.4696121093748,1.4000000000000001,2.8000000000000003,True
1342.2166576293944,1.4000000000000001,2.8000000000000003,False
1376.4696121093748,1.4000000000000001,3.0,True
1342.2166576293944,1.4000000000000001,3.0,False
1376.4696121093748,1.4000000000000001,3.2,True
1342.2166576293944,1.4000000000000001,3.2,False
1376.4696121093748,1.4000000000000001,3.4000000000000004,True
1342.2166576293944,1.4000000000000001,3.4000000000000004,False
1270.3797702758789,1.4000000000000001,3.6,True
1270.3797702758789,1.4000000000000001,3.6,False
1270.3797702758789,1.4000000000000001,3.8000000000000003,True
1270.3797702758789,1.4000000000000001,3.8000000000000003,False
1811.1625287719714,1.6,0.0,True
1687.7109850585919,1.6,0.0,False
1648.5759752807621,1.6,0.2,True
1538.8547724853506,1.6,0.2,False
1801.1195201049807,1.6,0.4,True
1579.462701745605,1.6,0.4,False
1806.4240836303707,1.6,0.6000000000000001,True
1579.462701745605,1.6,0.6000000000000001,False
1511.3831271606448,1.6,0.8,True
1408.1492900512694,1.6,0.8,False
1487.0855598022465,1.6,1.0,True
1382.378595324707,1.6,1.0,False
1469.200818981934,1.6,1.2000000000000002,True
1373.4365749145509,1.6,1.2000000000000002,False
1469.200818981934,1.6,1.4000000000000001,True
1373.4365749145509,1.6,1.4000000000000001,False
1460.1706676269534,1.6,1.6,True
1361.8113880004883,1.6,1.6,False
1460.1706676269534,1.6,1.8,True
1361.8113880004883,1.6,1.8,False
1460.1706676269534,1.6,2.0,True
1361.8113880004883,1.6,2.0,False
1460.1706676269534,1.6,2.2,True
1361.8113880004883,1.6,2.2,False
1376.4696121093748,1.6,2.4000000000000004,True
1342.2166576293944,1.6,2.4000000000000004,False
1376.4696121093748,1.6,2.6,True
1342.2166576293944,1.6,2.6,False
1376.4696121093748,1.6,2.8000000000000003,True
1342.2166576293944,1.6,2.8000000000000003,False
1376.4696121093748,1.6,3.0,True
1342.2166576293944,1.6,3.0,False
1376.4696121093748,1.6,3.2,True
1342.2166576293944,1.6,3.2,False
1376.4696121093748,1.6,3.4000000000000004,True
1342.2166576293944,1.6,3.4000000000000004,False
1270.3797702758789,1.6,3.6,True
1270.3797702758789,1.6,3.6,False
1270.3797702758789,1.6,3.8000000000000003,True
1270.3797702758789,1.6,3.8000000000000003,False
1834.4345491210922,1.8,0.0,True
1681.2136706176743,1.8,0.0,False
1690.802268847656,1.8,0.2,True
1571.6505221557609,1.8,0.2,False
1956.2381037841799,1.8,0.4,True
1754.6049136596673,1.8,0.4,False
1961.5426673095699,1.8,0.6000000000000001,True
1754.6049136596673,1.8,0.6000000000000001,False
1564.8355426269534,1.8,0.8,True
1489.5705699584958,1.8,0.8,False
1540.537975268555,1.8,1.0,True
1461.222665759277,1.8,1.0,False
1516.6610774658204,1.8,1.2000000000000002,True
1455.95741842041,1.8,1.2000000000000002,False
1516.6610774658204,1.8,1.4000000000000001,True
1455.95741842041,1.8,1.4000000000000001,False
1507.63092611084,1.8,1.6,True
1406.7475986328122,1.8,1.6,False
1507.63092611084,1.8,1.8,True
1406.7475986328122,1.8,1.8,False
1507.63092611084,1.8,2.0,True
1406.7475986328122,1.8,2.0,False
1507.63092611084,1.8,2.2,True
1406.7475986328122,1.8,2.2,False
1457.1520690795896,1.8,2.4000000000000004,True
1381.5085201171873,1.8,2.4000000000000004,False
1457.1520690795896,1.8,2.6,True
1381.5085201171873,1.8,2.6,False
1457.1520690795896,1.8,2.8000000000000003,True
1381.5085201171873,1.8,2.8000000000000003,False
1457.1520690795896,1.8,3.0,True
1381.5085201171873,1.8,3.0,False
1457.1520690795896,1.8,3.2,True
1381.5085201171873,1.8,3.2,False
1457.1520690795896,1.8,3.4000000000000004,True
1381.5085201171873,1.8,3.4000000000000004,False
1343.4503040283203,1.8,3.6,True
1343.4503040283203,1.8,3.6,False
1343.4503040283203,1.8,3.8000000000000003,True
1343.4503040283203,1.8,3.8000000000000003,False
1703.5654352172842,2.0,0.0,True
1575.2584589965809,2.0,0.0,False
1635.781474938965,2.0,0.2,True
1518.0209864868157,2.0,0.2,False
1948.9598941040044,2.0,0.4,True
1707.1299953002924,2.0,0.4,False
1954.2644576293944,2.0,0.6000000000000001,True
1707.1299953002924,2.0,0.6000000000000001,False
1670.0458774047856,2.0,0.8,True
1550.6289195678708,2.0,0.8,False
1591.2397498657233,2.0,1.0,True
1474.33980748291,2.0,1.0,False
1516.6610774658204,2.0,1.2000000000000002,True
1455.95741842041,2.0,1.2000000000000002,False
1516.6610774658204,2.0,1.4000000000000001,True
1455.95741842041,2.0,1.4000000000000001,False
1507.63092611084,2.0,1.6,True
1406.7475986328122,2.0,1.6,False
1507.63092611084,2.0,1.8,True
1406.7475986328122,2.0,1.8,False
1507.63092611084,2.0,2.0,True
1406.7475986328122,2.0,2.0,False
1507.63092611084,2.0,2.2,True
1406.7475986328122,2.0,2.2,False
1457.1520690795896,2.0,2.4000000000000004,True
1381.5085201171873,2.0,2.4000000000000004,False
1457.1520690795896,2.0,2.6,True
1381.5085201171873,2.0,2.6,False
1457.1520690795896,2.0,2.8000000000000003,True
1381.5085201171873,2.0,2.8000000000000003,False
1457.1520690795896,2.0,3.0,True
1381.5085201171873,2.0,3.0,False
1457.1520690795896,2.0,3.2,True
1381.5085201171873,2.0,3.2,False
1457.1520690795896,2.0,3.4000000000000004,True
1381.5085201171873,2.0,3.4000000000000004,False
1343.4503040283203,2.0,3.6,True
1343.4503040283203,2.0,3.6,False
1343.4503040283203,2.0,3.8000000000000003,True
1343.4503040283203,2.0,3.8000000000000003,False
1787.5356805786123,2.2,0.0,True
1649.437429333495,2.2,0.0,False
1725.1895655273438,2.2,0.2,True
1604.8376521362297,2.2,0.2,False
2069.8776892822275,2.2,0.4,True
1801.5974196899408,2.2,0.4,False
2075.5902423095704,2.2,0.6000000000000001,True
1801.5974196899408,2.2,0.6000000000000001,False
1670.0458774047856,2.2,0.8,True
1550.6289195678708,2.2,0.8,False
1591.2397498657233,2.2,1.0,True
1474.33980748291,2.2,1.0,False
1516.6610774658204,2.2,1.2000000000000002,True
1455.95741842041,2.2,1.2000000000000002,False
1516.6610774658204,2.2,1.4000000000000001,True
1455.95741842041,2.2,1.4000000000000001,False
1507.63092611084,2.2,1.6,True
1406.7475986328122,2.2,1.6,False
1507.63092611084,2.2,1.8,True
1406.7475986328122,2.2,1.8,False
1507.63092611084,2.2,2.0,True
1406.7475986328122,2.2,2.0,False
1507.63092611084,2.2,2.2,True
1406.7475986328122,2.2,2.2,False
1457.1520690795896,2.2,2.4000000000000004,True
1381.5085201171873,2.2,2.4000000000000004,False
1457.1520690795896,2.2,2.6,True
1381.5085201171873,2.2,2.6,False
1457.1520690795896,2.2,2.8000000000000003,True
1381.5085201171873,2.2,2.8000000000000003,False
1457.1520690795896,2.2,3.0,True
1381.5085201171873,2.2,3.0,False
1457.1520690795896,2.2,3.2,True
1381.5085201171873,2.2,3.2,False
1457.1520690795896,2.2,3.4000000000000004,True
1381.5085201171873,2.2,3.4000000000000004,False
1343.4503040283203,2.2,3.6,True
1343.4503040283203,2.2,3.6,False
1343.4503040283203,2.2,3.8000000000000003,True
1343.4503040283203,2.2,3.8000000000000003,False
1785.6094320434559,2.4000000000000004,0.0,True
1670.9508818725576,2.4000000000000004,0.0,False
1629.4247683349613,2.4000000000000004,0.2,True
1566.0934142456051,2.4000000000000004,0.2,False
1966.80726616211,2.4000000000000004,0.4,True
1714.497516589355,2.4000000000000004,0.4,False
1972.1118296875,2.4000000000000004,0.6000000000000001,True
1714.497516589355,2.4000000000000004,0.6000000000000001,False
1710.5246371704106,2.4000000000000004,0.8,True
1593.352790795898,2.4000000000000004,0.8,False
1591.2397498657233,2.4000000000000004,1.0,True
1474.33980748291,2.4000000000000004,1.0,False
1516.6610774658204,2.4000000000000004,1.2000000000000002,True
1455.95741842041,2.4000000000000004,1.2000000000000002,False
1516.6610774658204,2.4000000000000004,1.4000000000000001,True
1455.95741842041,2.4000000000000004,1.4000000000000001,False
1507.63092611084,2.4000000000000004,1.6,True
1406.7475986328122,2.4000000000000004,1.6,False
1507.63092611084,2.4000000000000004,1.8,True
1406.7475986328122,2.4000000000000004,1.8,False
1507.63092611084,2.4000000000000004,2.0,True
1406.7475986328122,2.4000000000000004,2.0,False
1507.63092611084,2.4000000000000004,2.2,True
1406.7475986328122,2.4000000000000004,2.2,False
1457.1520690795896,2.4000000000000004,2.4000000000000004,True
1381.5085201171873,2.4000000000000004,2.4000000000000004,False
1457.1520690795896,2.4000000000000004,2.6,True
1381.5085201171873,2.4000000000000004,2.6,False
1457.1520690795896,2.4000000000000004,2.8000000000000003,True
1381.5085201171873,2.4000000000000004,2.8000000000000003,False
1457.1520690795896,2.4000000000000004,3.0,True
1381.5085201171873,2.4000000000000004,3.0,False
1457.1520690795896,2.4000000000000004,3.2,True
1381.5085201171873,2.4000000000000004,3.2,False
1457.1520690795896,2.4000000000000004,3.4000000000000004,True
1381.5085201171873,2.4000000000000004,3.4000000000000004,False
1343.4503040283203,2.4000000000000004,3.6,True
1343.4503040283203,2.4000000000000004,3.6,False
1343.4503040283203,2.4000000000000004,3.8000000000000003,True
1343.4503040283203,2.4000000000000004,3.8000000000000003,False
1688.5187185546863,2.6,0.0,True
1532.4711589111319,2.6,0.0,False
1693.872281921387,2.6,0.2,True
1568.8906421142574,2.6,0.2,False
2082.0923690063482,2.6,0.4,True
1814.116039233398,2.6,0.4,False
2087.3969325317385,2.6,0.6000000000000001,True
1814.116039233398,2.6,0.6000000000000001,False
1810.1431598144536,2.6,0.8,True
1679.5196818969723,2.6,0.8,False
1591.2397498657233,2.6,1.0,True
1474.33980748291,2.6,1.0,False
1516.6610774658204,2.6,1.2000000000000002,True
1455.95741842041,2.6,1.2000000000000002,False
1516.6610774658204,2.6,1.4000000000000001,True
1455.95741842041,2.6,1.4000000000000001,False
1507.63092611084,2.6,1.6,True
1406.7475986328122,2.6,1.6,False
1507.63092611084,2.6,1.8,True
1406.7475986328122,2.6,1.8,False
1507.63092611084,2.6,2.0,True
1406.7475986328122,2.6,2.0,False
1507.63092611084,2.6,2.2,True
1406.7475986328122,2.6,2.2,False
1457.1520690795896,2.6,2.4000000000000004,True
1381.5085201171873,2.6,2.4000000000000004,False
1457.1520690795896,2.6,2.6,True
1381.5085201171873,2.6,2.6,False
1457.1520690795896,2.6,2.8000000000000003,True
1381.5085201171873,2.6,2.8000000000000003,False
1457.1520690795896,2.6,3.0,True
1381.5085201171873,2.6,3.0,False
1457.1520690795896,2.6,3.2,True
1381.5085201171873,2.6,3.2,False
1457.1520690795896,2.6,3.4000000000000004,True
1381.5085201171873,2.6,3.4000000000000004,False
1343.4503040283203,2.6,3.6,True
1343.4503040283203,2.6,3.6,False
1343.4503040283203,2.6,3.8000000000000003,True
1343.4503040283203,2.6,3.8000000000000003,False
1634.2304876708977,2.8000000000000003,0.0,True
1514.9048747436518,2.8000000000000003,0.0,False
1665.1748637207036,2.8000000000000003,0.2,True
1551.3243579467774,2.8000000000000003,0.2,False
1816.491952832032,2.8000000000000003,0.4,True
1624.0459346435546,2.8000000000000003,0.4,False
1820.9805373535157,2.8000000000000003,0.6000000000000001,True
1624.0459346435546,2.8000000000000003,0.6000000000000001,False
1593.153295471192,2.8000000000000003,0.8,True
1512.8948459350586,2.8000000000000003,0.8,False
1404.1785888305672,2.8000000000000003,1.0,True
1325.8569927001954,2.8000000000000003,1.0,False
1399.865920983887,2.8000000000000003,1.2000000000000002,True
1325.8569927001954,2.8000000000000003,1.2000000000000002,False
1399.865920983887,2.8000000000000003,1.4000000000000001,True
1325.8569927001954,2.8000000000000003,1.4000000000000001,False
1377.530500390625,2.8000000000000003,1.6,True
1287.0117130126955,2.8000000000000003,1.6,False
1377.530500390625,2.8000000000000003,1.8,True
1287.0117130126955,2.8000000000000003,1.8,False
1377.530500390625,2.8000000000000003,2.0,True
1287.0117130126955,2.8000000000000003,2.0,False
1377.530500390625,2.8000000000000003,2.2,True
1287.0117130126955,2.8000000000000003,2.2,False
1327.0516433593748,2.8000000000000003,2.4000000000000004,True
1261.7726344970702,2.8000000000000003,2.4000000000000004,False
1327.0516433593748,2.8000000000000003,2.6,True
1261.7726344970702,2.8000000000000003,2.6,False
1327.0516433593748,2.8000000000000003,2.8000000000000003,True
1261.7726344970702,2.8000000000000003,2.8000000000000003,False
1327.0516433593748,2.8000000000000003,3.0,True
1261.7726344970702,2.8000000000000003,3.0,False
1327.0516433593748,2.8000000000000003,3.2,True
1261.7726344970702,2.8000000000000003,3.2,False
1327.0516433593748,2.8000000000000003,3.4000000000000004,True
1261.7726344970702,2.8000000000000003,3.4000000000000004,False
1354.5799121826171,2.8000000000000003,3.6,True
1354.5799121826171,2.8000000000000003,3.6,False
1354.5799121826171,2.8000000000000003,3.8000000000000003,True
1354.5799121826171,2.8000000000000003,3.8000000000000003,False
1573.3280294921865,3.0,0.0,True
1463.9786529052724,3.0,0.0,False
1644.0844611206055,3.0,0.2,True
1532.3947219482416,3.0,0.2,False
1773.0271052734379,3.0,0.4,True
1546.2144336425777,3.0,0.4,False
1777.5156897949216,3.0,0.6000000000000001,True
1546.2144336425777,3.0,0.6000000000000001,False
1552.17905612793,3.0,0.8,True
1435.5860042358395,3.0,0.8,False
1368.8233909301762,3.0,1.0,True
1266.6901721801755,3.0,1.0,False
1359.8806705200195,3.0,1.2000000000000002,True
1266.6901721801755,3.0,1.2000000000000002,False
1359.8806705200195,3.0,1.4000000000000001,True
1266.6901721801755,3.0,1.4000000000000001,False
1269.5321063842775,3.0,1.6,True
1208.7574596313475,3.0,1.6,False
1269.5321063842775,3.0,1.8,True
1208.7574596313475,3.0,1.8,False
1269.5321063842775,3.0,2.0,True
1208.7574596313475,3.0,2.0,False
1269.5321063842775,3.0,2.2,True
1208.7574596313475,3.0,2.2,False
1246.8163757202146,3.0,2.4000000000000004,True
1208.7574596313475,3.0,2.4000000000000004,False
1246.8163757202146,3.0,2.6,True
1208.7574596313475,3.0,2.6,False
1246.8163757202146,3.0,2.8000000000000003,True
1208.7574596313475,3.0,2.8000000000000003,False
1246.8163757202146,3.0,3.0,True
1208.7574596313475,3.0,3.0,False
1246.8163757202146,3.0,3.2,True
1208.7574596313475,3.0,3.2,False
1246.8163757202146,3.0,3.4000000000000004,True
1208.7574596313475,3.0,3.4000000000000004,False
1351.2013111083984,3.0,3.6,True
1351.2013111083984,3.0,3.6,False
1351.2013111083984,3.0,3.8000000000000003,True
1351.2013111083984,3.0,3.8000000000000003,False
1675.8752325561516,3.2,0.0,True
1557.1103133666984,3.2,0.0,False
1652.5509757080079,3.2,0.2,True
1532.3947219482416,3.2,0.2,False
1773.0271052734379,3.2,0.4,True
1546.2144336425777,3.2,0.4,False
1777.5156897949216,3.2,0.6000000000000001,True
1546.2144336425777,3.2,0.6000000000000001,False
1552.17905612793,3.2,0.8,True
1435.5860042358395,3.2,0.8,False
1368.8233909301762,3.2,1.0,True
1266.6901721801755,3.2,1.0,False
1359.8806705200195,3.2,1.2000000000000002,True
1266.6901721801755,3.2,1.2000000000000002,False
1359.8806705200195,3.2,1.4000000000000001,True
1266.6901721801755,3.2,1.4000000000000001,False
1269.5321063842775,3.2,1.6,True
1208.7574596313475,3.2,1.6,False
1269.5321063842775,3.2,1.8,True
1208.7574596313475,3.2,1.8,False
1269.5321063842775,3.2,2.0,True
1208.7574596313475,3.2,2.0,False
1269.5321063842775,3.2,2.2,True
1208.7574596313475,3.2,2.2,False
1246.8163757202146,3.2,2.4000000000000004,True
1208.7574596313475,3.2,2.4000000000000004,False
1246.8163757202146,3.2,2.6,True
1208.7574596313475,3.2,2.6,False
1246.8163757202146,3.2,2.8000000000000003,True
1208.7574596313475,3.2,2.8000000000000003,False
1246.8163757202146,3.2,3.0,True
1208.7574596313475,3.2,3.0,False
1246.8163757202146,3.2,3.2,True
1208.7574596313475,3.2,3.2,False
1246.8163757202146,3.2,3.4000000000000004,True
1208.7574596313475,3.2,3.4000000000000004,False
1351.2013111083984,3.2,3.6,True
1351.2013111083984,3.2,3.6,False
1351.2013111083984,3.2,3.8000000000000003,True
1351.2013111083984,3.2,3.8000000000000003,False
1688.2430609252922,3.4000000000000004,0.0,True
1534.2761268188472,3.4000000000000004,0.0,False
1625.7127322265626,3.4000000000000004,0.2,True
1506.1321983032221,3.4000000000000004,0.2,False
1748.0376548217776,3.4000000000000004,0.4,True
1568.603980993652,3.4000000000000004,0.4,False
1752.5262393432613,3.4000000000000004,0.6000000000000001,True
1568.603980993652,3.4000000000000004,0.6000000000000001,False
1530.3180389038087,3.4000000000000004,0.8,True
1463.071933728027,3.4000000000000004,0.8,False
1408.7711295776369,3.4000000000000004,1.0,True
1337.8428363647458,3.4000000000000004,1.0,False
1399.8284091674807,3.4000000000000004,1.2000000000000002,True
1337.8428363647458,3.4000000000000004,1.2000000000000002,False
1399.8284091674807,3.4000000000000004,1.4000000000000001,True
1337.8428363647458,3.4000000000000004,1.4000000000000001,False
1345.5334434326173,3.4000000000000004,1.6,True
1248.7051982788084,3.4000000000000004,1.6,False
1345.5334434326173,3.4000000000000004,1.8,True
1248.7051982788084,3.4000000000000004,1.8,False
1345.5334434326173,3.4000000000000004,2.0,True
1248.7051982788084,3.4000000000000004,2.0,False
1345.5334434326173,3.4000000000000004,2.2,True
1248.7051982788084,3.4000000000000004,2.2,False
1286.7641143676756,3.4000000000000004,2.4000000000000004,True
1248.7051982788084,3.4000000000000004,2.4000000000000004,False
1286.7641143676756,3.4000000000000004,2.6,True
1248.7051982788084,3.4000000000000004,2.6,False
1286.7641143676756,3.4000000000000004,2.8000000000000003,True
1248.7051982788084,3.4000000000000004,2.8000000000000003,False
1286.7641143676756,3.4000000000000004,3.0,True
1248.7051982788084,3.4000000000000004,3.0,False
1286.7641143676756,3.4000000000000004,3.2,True
1248.7051982788084,3.4000000000000004,3.2,False
1286.7641143676756,3.4000000000000004,3.4000000000000004,True
1248.7051982788084,3.4000000000000004,3.4000000000000004,False
1391.1490497558593,3.4000000000000004,3.6,True
1391.1490497558593,3.4000000000000004,3.6,False
1391.1490497558593,3.4000000000000004,3.8000000000000003,True
1391.1490497558593,3.4000000000000004,3.8000000000000003,False
1316.105323669433,3.6,0.0,True
1210.1175307983394,3.6,0.0,False
1437.116971887207,3.6,0.2,True
1327.971168493652,3.6,0.2,False
1459.6685256469727,3.6,0.4,True
1308.195957165527,3.6,0.4,False
1463.3411311645505,3.6,0.6000000000000001,True
1308.195957165527,3.6,0.6000000000000001,False
1375.8102111450196,3.6,0.8,True
1308.195957165527,3.6,0.8,False
1266.418132751465,3.6,1.0,True
1195.489839538574,3.6,1.0,False
1257.4754123413088,3.6,1.2000000000000002,True
1195.489839538574,3.6,1.2000000000000002,False
1257.4754123413088,3.6,1.4000000000000001,True
1195.489839538574,3.6,1.4000000000000001,False
1203.667369824219,3.6,1.6,True
1119.7575435546873,3.6,1.6,False
1203.667369824219,3.6,1.8,True
1119.7575435546873,3.6,1.8,False
1203.667369824219,3.6,2.0,True
1119.7575435546873,3.6,2.0,False
1203.667369824219,3.6,2.2,True
1119.7575435546873,3.6,2.2,False
1157.8164596435545,3.6,2.4000000000000004,True
1119.7575435546873,3.6,2.4000000000000004,False
1157.8164596435545,3.6,2.6,True
1119.7575435546873,3.6,2.6,False
1157.8164596435545,3.6,2.8000000000000003,True
1119.7575435546873,3.6,2.8000000000000003,False
1157.8164596435545,3.6,3.0,True
1119.7575435546873,3.6,3.0,False
1157.8164596435545,3.6,3.2,True
1119.7575435546873,3.6,3.2,False
1157.8164596435545,3.6,3.4000000000000004,True
1119.7575435546873,3.6,3.4000000000000004,False
1391.1490497558593,3.6,3.6,True
1391.1490497558593,3.6,3.6,False
1391.1490497558593,3.6,3.8000000000000003,True
1391.1490497558593,3.6,3.8000000000000003,False
1275.0632990722654,3.8000000000000003,0.0,True
1166.3864211914063,3.8000000000000003,0.0,False
1250.1515311523442,3.8000000000000003,0.2,True
1166.3864211914063,3.8000000000000003,0.2,False
1161.424613916016,3.8000000000000003,0.4,True
1027.624103540039,3.8000000000000003,0.4,False
1164.2812404296874,3.8000000000000003,0.6000000000000001,True
1027.624103540039,3.8000000000000003,0.6000000000000001,False
1096.0939025634768,3.8000000000000003,0.8,True
1027.624103540039,3.8000000000000003,0.8,False
1098.6716441894534,3.8000000000000003,1.0,True
1027.624103540039,3.8000000000000003,1.0,False
1095.442144372559,3.8000000000000003,1.2000000000000002,True
1027.624103540039,3.8000000000000003,1.2000000000000002,False
1095.442144372559,3.8000000000000003,1.4000000000000001,True
1027.624103540039,3.8000000000000003,1.4000000000000001,False
1135.7398223754885,3.8000000000000003,1.6,True
1064.6900672851561,3.8000000000000003,1.6,False
1135.7398223754885,3.8000000000000003,1.8,True
1064.6900672851561,3.8000000000000003,1.8,False
1135.7398223754885,3.8000000000000003,2.0,True
1064.6900672851561,3.8000000000000003,2.0,False
1135.7398223754885,3.8000000000000003,2.2,True
1064.6900672851561,3.8000000000000003,2.2,False
1102.7489833740233,3.8000000000000003,2.4000000000000004,True
1064.6900672851561,3.8000000000000003,2.4000000000000004,False
1102.7489833740233,3.8000000000000003,2.6,True
1064.6900672851561,3.8000000000000003,2.6,False
1102.7489833740233,3.8000000000000003,2.8000000000000003,True
1064.6900672851561,3.8000000000000003,2.8000000000000003,False
1102.7489833740233,3.8000000000000003,3.0,True
1064.6900672851561,3.8000000000000003,3.0,False
1102.7489833740233,3.8000000000000003,3.2,True
1064.6900672851561,3.8000000000000003,3.2,False
1102.7489833740233,3.8000000000000003,3.4000000000000004,True
1064.6900672851561,3.8000000000000003,3.4000000000000004,False
1402.4774799316406,3.8000000000000003,3.6,True
1402.4774799316406,3.8000000000000003,3.6,False
1402.4774799316406,3.8000000000000003,3.8000000000000003,True
1402.4774799316406,3.8000000000000003,3.8000000000000003,False
